Title,Media URL,Pinterest board,Thumbnail,Description,Link,Publish date,Keywords
Vintage Golden Retriever Illustration | Nursery Wall Art,https://raw.githubusercontent.com/nueshopofficial-blip/nue-images/main/images/nursery_20260629_171318_3a8fa1/mock_gallery.png,Kids Room Decor,,"A cream-colored golden retriever rests against a 1957 Chevrolet Bel Air in turquoise and white, embodying quiet elegance of mid-century American leisure. A 1950s-style character illustration printed on premium enhanced matte paper, shipped ready to frame — nursery wall art that works just as well in a study or living room.",https://www.etsy.com/listing/4530346771?utm_source=pinterest&utm_medium=pin&utm_campaign=A_gallery,2026-08-13T13:00:00,"dog art, dog art print, vintage dog art, animal art, nursery wall art"
Vintage Golden Retriever Art Print for a Quiet Corner,https://raw.githubusercontent.com/nueshopofficial-blip/nue-images/main/images/nursery_20260629_171318_3a8fa1/mock_living.png,Little Heirlooms,,"Some things are worth keeping. A favourite song, a familiar chair, a friend who never changes. A cream-colored golden retriever rests against a 1957 Chevrolet Bel Air in turquoise and white, embodying quiet elegance of mid-century American leisure. Part of the NUE Little Heirlooms collection — vintage animal art, nostalgic but never faded.",https://www.etsy.com/listing/4530346771?utm_source=pinterest&utm_medium=pin&utm_campaign=C_living,2026-08-17T01:00:00,"dog art, dog art print, vintage dog art, animal art, nursery wall art"
Vintage Golden Retriever Art Print — Gift for Dog Lovers,https://raw.githubusercontent.com/nueshopofficial-blip/nue-images/main/images/nursery_20260629_171318_3a8fa1/mock_study.png,Gift Ideas for New Parents,,"A cream-colored golden retriever rests against a 1957 Chevrolet Bel Air in turquoise and white, embodying quiet elegance of mid-century American leisure. A 1950s-style character illustration printed on premium enhanced matte paper, shipped ready to frame — nursery wall art that works just as well in a study or living room.",https://www.etsy.com/listing/4530346771?utm_source=pinterest&utm_medium=pin&utm_campaign=A_study,2026-08-20T04:00:00,"dog art, dog art print, vintage dog art, animal art, nursery wall art"
Dog Art Print | Vintage Dachshund Illustration,https://raw.githubusercontent.com/nueshopofficial-blip/nue-images/main/images/nursery_20260702_182558_9cc59c/mock_nursery.png,Dog Art Prints,,"A chocolate and tan miniature dachshund gazes softly into the distance, a vintage Kodak Brownie camera resting gently against its chest. A 1950s-style character illustration printed on premium enhanced matte paper, shipped ready to frame — nursery wall art that works just as well in a study or living room.",https://www.etsy.com/listing/4531433060?utm_source=pinterest&utm_medium=pin&utm_campaign=A_nursery,2026-08-10T22:00:00,"dog art, dog art print, vintage dog art, animal art, nursery wall art"
Vintage Dachshund Illustration | Nursery Wall Art,https://raw.githubusercontent.com/nueshopofficial-blip/nue-images/main/images/nursery_20260702_182558_9cc59c/mock_gallery.png,Kids Room Decor,,"A chocolate and tan miniature dachshund gazes softly into the distance, a vintage Kodak Brownie camera resting gently against its chest. A 1950s-style character illustration printed on premium enhanced matte paper, shipped ready to frame — nursery wall art that works just as well in a study or living room.",https://www.etsy.com/listing/4531433060?utm_source=pinterest&utm_medium=pin&utm_campaign=A_gallery,2026-08-13T22:00:00,"dog art, dog art print, vintage dog art, animal art, nursery wall art"
Vintage Dachshund Art Print for a Quiet Corner,https://raw.githubusercontent.com/nueshopofficial-blip/nue-images/main/images/nursery_20260702_182558_9cc59c/mock_living.png,Little Heirlooms,,"Some things are worth keeping. A favourite song, a familiar chair, a friend who never changes. A chocolate and tan miniature dachshund gazes softly into the distance, a vintage Kodak Brownie camera resting gently against its chest. Part of the NUE Little Heirlooms collection — vintage animal art, nostalgic but never faded.",https://www.etsy.com/listing/4531433060?utm_source=pinterest&utm_medium=pin&utm_campaign=C_living,2026-08-17T04:00:00,"dog art, dog art print, vintage dog art, animal art, nursery wall art"
Vintage Dachshund Art Print — Gift for Dog Lovers,https://raw.githubusercontent.com/nueshopofficial-blip/nue-images/main/images/nursery_20260702_182558_9cc59c/mock_study.png,Gift Ideas for New Parents,,"A chocolate and tan miniature dachshund gazes softly into the distance, a vintage Kodak Brownie camera resting gently against its chest. A 1950s-style character illustration printed on premium enhanced matte paper, shipped ready to frame — nursery wall art that works just as well in a study or living room.",https://www.etsy.com/listing/4531433060?utm_source=pinterest&utm_medium=pin&utm_campaign=A_study,2026-08-20T07:00:00,"dog art, dog art print, vintage dog art, animal art, nursery wall art"
Dog Art Print | Vintage Border Collie Illustration,https://raw.githubusercontent.com/nueshopofficial-blip/nue-images/main/images/nursery_20260703_050002_f579fb/mock_nursery.png,Dog Art Prints,,"A black-and-white Border Collie sits poised in a British Racing Green Mini Cooper Mk1, captured in the elegant simplicity of 1950s automotive charm. A 1950s-style character illustration printed on premium enhanced matte paper, shipped ready to frame — nursery wall art that works just as well in a study or living room.",https://www.etsy.com/listing/4531873482?utm_source=pinterest&utm_medium=pin&utm_campaign=A_nursery,2026-08-11T01:00:00,"dog art, dog art print, vintage dog art, animal art, nursery wall art"
Vintage Border Collie Illustration | Nursery Wall Art,https://raw.githubusercontent.com/nueshopofficial-blip/nue-images/main/images/nursery_20260703_050002_f579fb/mock_gallery.png,Kids Room Decor,,"A black-and-white Border Collie sits poised in a British Racing Green Mini Cooper Mk1, captured in the elegant simplicity of 1950s automotive charm. A 1950s-style character illustration printed on premium enhanced matte paper, shipped ready to frame — nursery wall art that works just as well in a study or living room.",https://www.etsy.com/listing/4531873482?utm_source=pinterest&utm_medium=pin&utm_campaign=A_gallery,2026-08-14T01:00:00,"dog art, dog art print, vintage dog art, animal art, nursery wall art"
Vintage Border Collie Art Print for a Quiet Corner,https://raw.githubusercontent.com/nueshopofficial-blip/nue-images/main/images/nursery_20260703_050002_f579fb/mock_living.png,Little Heirlooms,,"Some things are worth keeping. A favourite song, a familiar chair, a friend who never changes. A black-and-white Border Collie sits poised in a British Racing Green Mini Cooper Mk1, captured in the elegant simplicity of 1950s automotive charm. Part of the NUE Little Heirlooms collection — vintage animal art, nostalgic but never faded.",https://www.etsy.com/listing/4531873482?utm_source=pinterest&utm_medium=pin&utm_campaign=C_living,2026-08-17T07:00:00,"dog art, dog art print, vintage dog art, animal art, nursery wall art"
Vintage Border Collie Art Print — Gift for Dog Lovers,https://raw.githubusercontent.com/nueshopofficial-blip/nue-images/main/images/nursery_20260703_050002_f579fb/mock_study.png,Gift Ideas for New Parents,,"A black-and-white Border Collie sits poised in a British Racing Green Mini Cooper Mk1, captured in the elegant simplicity of 1950s automotive charm. A 1950s-style character illustration printed on premium enhanced matte paper, shipped ready to frame — nursery wall art that works just as well in a study or living room.",https://www.etsy.com/listing/4531873482?utm_source=pinterest&utm_medium=pin&utm_campaign=A_study,2026-08-20T10:00:00,"dog art, dog art print, vintage dog art, animal art, nursery wall art"
Dog Art Print | Vintage Cocker Spaniel Illustration,https://raw.githubusercontent.com/nueshopofficial-blip/nue-images/main/images/nursery_20260706_050031_c05bb0/mock_nursery.png,Dog Art Prints,,"A buff-colored Cocker Spaniel sits in the passenger seat of a coral-red 1957 Ford Thunderbird, cruising through a serene 1950s American landscape. A 1950s-style character illustration printed on premium enhanced matte paper, shipped ready to frame — nursery wall art that works just as well in a study or living room.",https://www.etsy.com/listing/4538726685?utm_source=pinterest&utm_medium=pin&utm_campaign=A_nursery,2026-08-11T04:00:00,"dog art, dog art print, vintage dog art, animal art, nursery wall art"
Vintage Cocker Spaniel Illustration | Nursery Wall Art,https://raw.githubusercontent.com/nueshopofficial-blip/nue-images/main/images/nursery_20260706_050031_c05bb0/mock_gallery.png,Kids Room Decor,,"A buff-colored Cocker Spaniel sits in the passenger seat of a coral-red 1957 Ford Thunderbird, cruising through a serene 1950s American landscape. A 1950s-style character illustration printed on premium enhanced matte paper, shipped ready to frame — nursery wall art that works just as well in a study or living room.",https://www.etsy.com/listing/4538726685?utm_source=pinterest&utm_medium=pin&utm_campaign=A_gallery,2026-08-14T04:00:00,"dog art, dog art print, vintage dog art, animal art, nursery wall art"
Vintage Cocker Spaniel Art Print for a Quiet Corner,https://raw.githubusercontent.com/nueshopofficial-blip/nue-images/main/images/nursery_20260706_050031_c05bb0/mock_living.png,Little Heirlooms,,"Some things are worth keeping. A favourite song, a familiar chair, a friend who never changes. A buff-colored Cocker Spaniel sits in the passenger seat of a coral-red 1957 Ford Thunderbird, cruising through a serene 1950s American landscape. Part of the NUE Little Heirlooms collection — vintage animal art, nostalgic but never faded.",https://www.etsy.com/listing/4538726685?utm_source=pinterest&utm_medium=pin&utm_campaign=C_living,2026-08-17T10:00:00,"dog art, dog art print, vintage dog art, animal art, nursery wall art"
Vintage Cocker Spaniel Art Print — Gift for Dog Lovers,https://raw.githubusercontent.com/nueshopofficial-blip/nue-images/main/images/nursery_20260706_050031_c05bb0/mock_study.png,Gift Ideas for New Parents,,"A buff-colored Cocker Spaniel sits in the passenger seat of a coral-red 1957 Ford Thunderbird, cruising through a serene 1950s American landscape. A 1950s-style character illustration printed on premium enhanced matte paper, shipped ready to frame — nursery wall art that works just as well in a study or living room.",https://www.etsy.com/listing/4538726685?utm_source=pinterest&utm_medium=pin&utm_campaign=A_study,2026-08-20T13:00:00,"dog art, dog art print, vintage dog art, animal art, nursery wall art"
Dog Art Print | Vintage Dalmatian Illustration,https://raw.githubusercontent.com/nueshopofficial-blip/nue-images/main/images/nursery_20260708_050001_f8366a/mock_nursery.png,Dog Art Prints,,"A Dalmatian with pristine white coat and black spots stands poised beside a gleaming chrome bicycle with vintage bell, embodying mid-century American elegance. A 1950s-style character illustration printed on premium enhanced matte paper, shipped ready to frame — nursery wall art that works just as well in a study or living room.",https://www.etsy.com/listing/4538741470?utm_source=pinterest&utm_medium=pin&utm_campaign=A_nursery,2026-08-11T07:00:00,"dog art, dog art print, vintage dog art, animal art, nursery wall art"
Vintage Dalmatian Illustration | Nursery Wall Art,https://raw.githubusercontent.com/nueshopofficial-blip/nue-images/main/images/nursery_20260708_050001_f8366a/mock_gallery.png,Kids Room Decor,,"A Dalmatian with pristine white coat and black spots stands poised beside a gleaming chrome bicycle with vintage bell, embodying mid-century American elegance. A 1950s-style character illustration printed on premium enhanced matte paper, shipped ready to frame — nursery wall art that works just as well in a study or living room.",https://www.etsy.com/listing/4538741470?utm_source=pinterest&utm_medium=pin&utm_campaign=A_gallery,2026-08-14T07:00:00,"dog art, dog art print, vintage dog art, animal art, nursery wall art"
Vintage Dalmatian Art Print for a Quiet Corner,https://raw.githubusercontent.com/nueshopofficial-blip/nue-images/main/images/nursery_20260708_050001_f8366a/mock_living.png,Little Heirlooms,,"Some things are worth keeping. A favourite song, a familiar chair, a friend who never changes. A Dalmatian with pristine white coat and black spots stands poised beside a gleaming chrome bicycle with vintage bell, embodying mid-century American elegance. Part of the NUE Little Heirlooms collection — vintage animal art, nostalgic but never faded.",https://www.etsy.com/listing/4538741470?utm_source=pinterest&utm_medium=pin&utm_campaign=C_living,2026-08-17T13:00:00,"dog art, dog art print, vintage dog art, animal art, nursery wall art"
Vintage Dalmatian Art Print — Gift for Dog Lovers,https://raw.githubusercontent.com/nueshopofficial-blip/nue-images/main/images/nursery_20260708_050001_f8366a/mock_study.png,Gift Ideas for New Parents,,"A Dalmatian with pristine white coat and black spots stands poised beside a gleaming chrome bicycle with vintage bell, embodying mid-century American elegance. A 1950s-style character illustration printed on premium enhanced matte paper, shipped ready to frame — nursery wall art that works just as well in a study or living room.",https://www.etsy.com/listing/4538741470?utm_source=pinterest&utm_medium=pin&utm_campaign=A_study,2026-08-20T22:00:00,"dog art, dog art print, vintage dog art, animal art, nursery wall art"
Dog Art Print | Vintage Basset Hound Illustration,https://raw.githubusercontent.com/nueshopofficial-blip/nue-images/main/images/nursery_20260710_050005_967e55/mock_nursery.png,Dog Art Prints,,"A tri-color basset hound sits beside a vintage red dial telephone, its long ears draped thoughtfully as if awaiting an important call in a hushed, mid-century room. A 1950s-style character illustration printed on premium enhanced matte paper, shipped ready to frame — nursery wall art that works just as well in a study or living room.",https://www.etsy.com/listing/4538741568?utm_source=pinterest&utm_medium=pin&utm_campaign=A_nursery,2026-08-11T10:00:00,"dog art, dog art print, vintage dog art, animal art, nursery wall art"
Vintage Basset Hound Illustration | Nursery Wall Art,https://raw.githubusercontent.com/nueshopofficial-blip/nue-images/main/images/nursery_20260710_050005_967e55/mock_gallery.png,Kids Room Decor,,"A tri-color basset hound sits beside a vintage red dial telephone, its long ears draped thoughtfully as if awaiting an important call in a hushed, mid-century room. A 1950s-style character illustration printed on premium enhanced matte paper, shipped ready to frame — nursery wall art that works just as well in a study or living room.",https://www.etsy.com/listing/4538741568?utm_source=pinterest&utm_medium=pin&utm_campaign=A_gallery,2026-08-14T10:00:00,"dog art, dog art print, vintage dog art, animal art, nursery wall art"
Vintage Basset Hound Art Print for a Quiet Corner,https://raw.githubusercontent.com/nueshopofficial-blip/nue-images/main/images/nursery_20260710_050005_967e55/mock_living.png,Little Heirlooms,,"Some things are worth keeping. A favourite song, a familiar chair, a friend who never changes. A tri-color basset hound sits beside a vintage red dial telephone, its long ears draped thoughtfully as if awaiting an important call in a hushed, mid-century room. Part of the NUE Little Heirlooms collection — vintage animal art, nostalgic but never faded.",https://www.etsy.com/listing/4538741568?utm_source=pinterest&utm_medium=pin&utm_campaign=C_living,2026-08-17T22:00:00,"dog art, dog art print, vintage dog art, animal art, nursery wall art"
Vintage Basset Hound Art Print — Gift for Dog Lovers,https://raw.githubusercontent.com/nueshopofficial-blip/nue-images/main/images/nursery_20260710_050005_967e55/mock_study.png,Gift Ideas for New Parents,,"A tri-color basset hound sits beside a vintage red dial telephone, its long ears draped thoughtfully as if awaiting an important call in a hushed, mid-century room. A 1950s-style character illustration printed on premium enhanced matte paper, shipped ready to frame — nursery wall art that works just as well in a study or living room.",https://www.etsy.com/listing/4538741568?utm_source=pinterest&utm_medium=pin&utm_campaign=A_study,2026-08-21T01:00:00,"dog art, dog art print, vintage dog art, animal art, nursery wall art"
Vintage American Shorthair Illustration | Nursery Wall Art,https://raw.githubusercontent.com/nueshopofficial-blip/nue-images/main/images/nursery_20260712_050005_c52787/mock_gallery.png,Kids Room Decor,,"A silver tabby American Shorthair rests against a cream-colored 1963 Volkswagen Beetle, bathed in soft afternoon light. A 1950s-style character illustration printed on premium enhanced matte paper, shipped ready to frame — nursery wall art that works just as well in a study or living room.",https://www.etsy.com/listing/4538741652?utm_source=pinterest&utm_medium=pin&utm_campaign=A_gallery,2026-08-14T13:00:00,"cat art, cat art print, vintage cat art, animal art, nursery wall art"
Vintage American Shorthair Art Print for a Quiet Corner,https://raw.githubusercontent.com/nueshopofficial-blip/nue-images/main/images/nursery_20260712_050005_c52787/mock_living.png,Little Heirlooms,,"Some things are worth keeping. A favourite song, a familiar chair, a friend who never changes. A silver tabby American Shorthair rests against a cream-colored 1963 Volkswagen Beetle, bathed in soft afternoon light. Part of the NUE Little Heirlooms collection — vintage animal art, nostalgic but never faded.",https://www.etsy.com/listing/4538741652?utm_source=pinterest&utm_medium=pin&utm_campaign=C_living,2026-08-18T01:00:00,"cat art, cat art print, vintage cat art, animal art, nursery wall art"
Vintage American Shorthair Art Print — Gift for Cat Lovers,https://raw.githubusercontent.com/nueshopofficial-blip/nue-images/main/images/nursery_20260712_050005_c52787/mock_study.png,Gift Ideas for New Parents,,"A silver tabby American Shorthair rests against a cream-colored 1963 Volkswagen Beetle, bathed in soft afternoon light. A 1950s-style character illustration printed on premium enhanced matte paper, shipped ready to frame — nursery wall art that works just as well in a study or living room.",https://www.etsy.com/listing/4538741652?utm_source=pinterest&utm_medium=pin&utm_campaign=A_study,2026-08-21T04:00:00,"cat art, cat art print, vintage cat art, animal art, nursery wall art"
Cat Art Print | Vintage Orange Tabby Cat Illustration,https://raw.githubusercontent.com/nueshopofficial-blip/nue-images/main/images/nursery_20260713_050002_52a4b6/mock_nursery.png,Cat Art Prints,,"A marmalade cat drives a pale blue 1962 Triumph Spitfire through a quiet afternoon, embodying understated elegance of a bygone era. A 1950s-style character illustration printed on premium enhanced matte paper, shipped ready to frame — nursery wall art that works just as well in a study or living room.",https://www.etsy.com/listing/4538741746?utm_source=pinterest&utm_medium=pin&utm_campaign=A_nursery,2026-08-11T13:00:00,"cat art, cat art print, vintage cat art, animal art, nursery wall art"
Vintage Orange Tabby Cat Illustration | Nursery Wall Art,https://raw.githubusercontent.com/nueshopofficial-blip/nue-images/main/images/nursery_20260713_050002_52a4b6/mock_gallery.png,Kids Room Decor,,"A marmalade cat drives a pale blue 1962 Triumph Spitfire through a quiet afternoon, embodying understated elegance of a bygone era. A 1950s-style character illustration printed on premium enhanced matte paper, shipped ready to frame — nursery wall art that works just as well in a study or living room.",https://www.etsy.com/listing/4538741746?utm_source=pinterest&utm_medium=pin&utm_campaign=A_gallery,2026-08-14T22:00:00,"cat art, cat art print, vintage cat art, animal art, nursery wall art"
Vintage Orange Tabby Cat Art Print — Gift for Cat Lovers,https://raw.githubusercontent.com/nueshopofficial-blip/nue-images/main/images/nursery_20260713_050002_52a4b6/mock_study.png,Gift Ideas for New Parents,,"A marmalade cat drives a pale blue 1962 Triumph Spitfire through a quiet afternoon, embodying understated elegance of a bygone era. A 1950s-style character illustration printed on premium enhanced matte paper, shipped ready to frame — nursery wall art that works just as well in a study or living room.",https://www.etsy.com/listing/4538741746?utm_source=pinterest&utm_medium=pin&utm_campaign=A_study,2026-08-21T07:00:00,"cat art, cat art print, vintage cat art, animal art, nursery wall art"
Animal Art Print | Vintage Lop Rabbit Illustration,https://raw.githubusercontent.com/nueshopofficial-blip/nue-images/main/images/nursery_20260716_050017_8ef62d/mock_nursery.png,Nursery Wall Art,,"A white and grey lop-eared rabbit sits poised before a crimson Dansette record player, bathed in soft, vintage light. A 1950s-style character illustration printed on premium enhanced matte paper, shipped ready to frame — nursery wall art that works just as well in a study or living room.",https://www.etsy.com/listing/4538792417?utm_source=pinterest&utm_medium=pin&utm_campaign=A_nursery,2026-08-11T22:00:00,"animal art, animal wall art, vintage animal art, nursery wall art, kids room decor"
Vintage Lop Rabbit Illustration | Nursery Wall Art,https://raw.githubusercontent.com/nueshopofficial-blip/nue-images/main/images/nursery_20260716_050017_8ef62d/mock_gallery.png,Kids Room Decor,,"A white and grey lop-eared rabbit sits poised before a crimson Dansette record player, bathed in soft, vintage light. A 1950s-style character illustration printed on premium enhanced matte paper, shipped ready to frame — nursery wall art that works just as well in a study or living room.",https://www.etsy.com/listing/4538792417?utm_source=pinterest&utm_medium=pin&utm_campaign=A_gallery,2026-08-15T01:00:00,"animal art, animal wall art, vintage animal art, nursery wall art, kids room decor"
Vintage Lop Rabbit Art Print for a Quiet Corner,https://raw.githubusercontent.com/nueshopofficial-blip/nue-images/main/images/nursery_20260716_050017_8ef62d/mock_living.png,Little Heirlooms,,"Some things are worth keeping. A favourite song, a familiar chair, a friend who never changes. A white and grey lop-eared rabbit sits poised before a crimson Dansette record player, bathed in soft, vintage light. Part of the NUE Little Heirlooms collection — vintage animal art, nostalgic but never faded.",https://www.etsy.com/listing/4538792417?utm_source=pinterest&utm_medium=pin&utm_campaign=C_living,2026-08-18T04:00:00,"animal art, animal wall art, vintage animal art, nursery wall art, kids room decor"
Vintage Lop Rabbit Art Print — Gift for Animal Lovers,https://raw.githubusercontent.com/nueshopofficial-blip/nue-images/main/images/nursery_20260716_050017_8ef62d/mock_study.png,Gift Ideas for New Parents,,"A white and grey lop-eared rabbit sits poised before a crimson Dansette record player, bathed in soft, vintage light. A 1950s-style character illustration printed on premium enhanced matte paper, shipped ready to frame — nursery wall art that works just as well in a study or living room.",https://www.etsy.com/listing/4538792417?utm_source=pinterest&utm_medium=pin&utm_campaign=A_study,2026-08-21T10:00:00,"animal art, animal wall art, vintage animal art, nursery wall art, kids room decor"
Animal Art Print | Vintage Raccoon Dog Illustration,https://raw.githubusercontent.com/nueshopofficial-blip/nue-images/main/images/nursery_20260723_050031_5eea12/mock_nursery.png,Nursery Wall Art,,"A dignified tanuki in grey and brown holds a vintage Sony transistor radio to its ear, its ivory and silver frame catching soft light against a composed, mid-century backdrop. A 1950s-style character illustration printed on premium enhanced matte paper, shipped ready to frame — nursery wall art that works just as well in a study or living room.",https://www.etsy.com/listing/4542559694?utm_source=pinterest&utm_medium=pin&utm_campaign=A_nursery,2026-08-12T01:00:00,"animal art, animal wall art, vintage animal art, nursery wall art, kids room decor"
Vintage Raccoon Dog Illustration | Nursery Wall Art,https://raw.githubusercontent.com/nueshopofficial-blip/nue-images/main/images/nursery_20260723_050031_5eea12/mock_gallery.png,Kids Room Decor,,"A dignified tanuki in grey and brown holds a vintage Sony transistor radio to its ear, its ivory and silver frame catching soft light against a composed, mid-century backdrop. A 1950s-style character illustration printed on premium enhanced matte paper, shipped ready to frame — nursery wall art that works just as well in a study or living room.",https://www.etsy.com/listing/4542559694?utm_source=pinterest&utm_medium=pin&utm_campaign=A_gallery,2026-08-15T04:00:00,"animal art, animal wall art, vintage animal art, nursery wall art, kids room decor"
Vintage Raccoon Dog Art Print for a Quiet Corner,https://raw.githubusercontent.com/nueshopofficial-blip/nue-images/main/images/nursery_20260723_050031_5eea12/mock_living.png,Little Heirlooms,,"Some things are worth keeping. A favourite song, a familiar chair, a friend who never changes. A dignified tanuki in grey and brown holds a vintage Sony transistor radio to its ear, its ivory and silver frame catching soft light against a composed, mid-century backdrop. Part of the NUE Little Heirlooms collection — vintage animal art, nostalgic but never faded.",https://www.etsy.com/listing/4542559694?utm_source=pinterest&utm_medium=pin&utm_campaign=C_living,2026-08-18T07:00:00,"animal art, animal wall art, vintage animal art, nursery wall art, kids room decor"
Vintage Raccoon Dog Art Print — Gift for Animal Lovers,https://raw.githubusercontent.com/nueshopofficial-blip/nue-images/main/images/nursery_20260723_050031_5eea12/mock_study.png,Gift Ideas for New Parents,,"A dignified tanuki in grey and brown holds a vintage Sony transistor radio to its ear, its ivory and silver frame catching soft light against a composed, mid-century backdrop. A 1950s-style character illustration printed on premium enhanced matte paper, shipped ready to frame — nursery wall art that works just as well in a study or living room.",https://www.etsy.com/listing/4542559694?utm_source=pinterest&utm_medium=pin&utm_campaign=A_study,2026-08-21T13:00:00,"animal art, animal wall art, vintage animal art, nursery wall art, kids room decor"
Animal Art Print | Vintage Red Fox Illustration,https://raw.githubusercontent.com/nueshopofficial-blip/nue-images/main/images/nursery_20260724_050032_7da8b0/mock_nursery.png,Nursery Wall Art,,"A red fox stands poised beside a butter-yellow Citroën 2CV, caught in the understated elegance of a 1950s countryside moment. A 1950s-style character illustration printed on premium enhanced matte paper, shipped ready to frame — nursery wall art that works just as well in a study or living room.",https://www.etsy.com/listing/4543023042?utm_source=pinterest&utm_medium=pin&utm_campaign=A_nursery,2026-08-12T04:00:00,"animal art, animal wall art, vintage animal art, nursery wall art, kids room decor"
Vintage Red Fox Illustration | Nursery Wall Art,https://raw.githubusercontent.com/nueshopofficial-blip/nue-images/main/images/nursery_20260724_050032_7da8b0/mock_gallery.png,Kids Room Decor,,"A red fox stands poised beside a butter-yellow Citroën 2CV, caught in the understated elegance of a 1950s countryside moment. A 1950s-style character illustration printed on premium enhanced matte paper, shipped ready to frame — nursery wall art that works just as well in a study or living room.",https://www.etsy.com/listing/4543023042?utm_source=pinterest&utm_medium=pin&utm_campaign=A_gallery,2026-08-15T07:00:00,"animal art, animal wall art, vintage animal art, nursery wall art, kids room decor"
Vintage Red Fox Art Print for a Quiet Corner,https://raw.githubusercontent.com/nueshopofficial-blip/nue-images/main/images/nursery_20260724_050032_7da8b0/mock_living.png,Little Heirlooms,,"Some things are worth keeping. A favourite song, a familiar chair, a friend who never changes. A red fox stands poised beside a butter-yellow Citroën 2CV, caught in the understated elegance of a 1950s countryside moment. Part of the NUE Little Heirlooms collection — vintage animal art, nostalgic but never faded.",https://www.etsy.com/listing/4543023042?utm_source=pinterest&utm_medium=pin&utm_campaign=C_living,2026-08-18T10:00:00,"animal art, animal wall art, vintage animal art, nursery wall art, kids room decor"
Vintage Red Fox Art Print — Gift for Animal Lovers,https://raw.githubusercontent.com/nueshopofficial-blip/nue-images/main/images/nursery_20260724_050032_7da8b0/mock_study.png,Gift Ideas for New Parents,,"A red fox stands poised beside a butter-yellow Citroën 2CV, caught in the understated elegance of a 1950s countryside moment. A 1950s-style character illustration printed on premium enhanced matte paper, shipped ready to frame — nursery wall art that works just as well in a study or living room.",https://www.etsy.com/listing/4543023042?utm_source=pinterest&utm_medium=pin&utm_campaign=A_study,2026-08-21T22:00:00,"animal art, animal wall art, vintage animal art, nursery wall art, kids room decor"
Cat Art Print | Vintage Siamese Cat Illustration,https://raw.githubusercontent.com/nueshopofficial-blip/nue-images/main/images/nursery_20260728_050007_c7f94c/mock_nursery.png,Cat Art Prints,,"A Siamese cat with cream and dark brown points sits poised beside a Gibson J-45, as if contemplating the melody of a quiet American evening. A 1950s-style character illustration printed on premium enhanced matte paper, shipped ready to frame — nursery wall art that works just as well in a study or living room.",https://www.etsy.com/listing/4545482233?utm_source=pinterest&utm_medium=pin&utm_campaign=A_nursery,2026-08-12T07:00:00,"cat art, cat art print, vintage cat art, animal art, nursery wall art"
Vintage Siamese Cat Illustration | Nursery Wall Art,https://raw.githubusercontent.com/nueshopofficial-blip/nue-images/main/images/nursery_20260728_050007_c7f94c/mock_gallery.png,Kids Room Decor,,"A Siamese cat with cream and dark brown points sits poised beside a Gibson J-45, as if contemplating the melody of a quiet American evening. A 1950s-style character illustration printed on premium enhanced matte paper, shipped ready to frame — nursery wall art that works just as well in a study or living room.",https://www.etsy.com/listing/4545482233?utm_source=pinterest&utm_medium=pin&utm_campaign=A_gallery,2026-08-15T10:00:00,"cat art, cat art print, vintage cat art, animal art, nursery wall art"
Vintage Siamese Cat Art Print for a Quiet Corner,https://raw.githubusercontent.com/nueshopofficial-blip/nue-images/main/images/nursery_20260728_050007_c7f94c/mock_living.png,Little Heirlooms,,"Some things are worth keeping. A favourite song, a familiar chair, a friend who never changes. A Siamese cat with cream and dark brown points sits poised beside a Gibson J-45, as if contemplating the melody of a quiet American evening. Part of the NUE Little Heirlooms collection — vintage animal art, nostalgic but never faded.",https://www.etsy.com/listing/4545482233?utm_source=pinterest&utm_medium=pin&utm_campaign=C_living,2026-08-18T13:00:00,"cat art, cat art print, vintage cat art, animal art, nursery wall art"
Vintage Siamese Cat Art Print — Gift for Cat Lovers,https://raw.githubusercontent.com/nueshopofficial-blip/nue-images/main/images/nursery_20260728_050007_c7f94c/mock_study.png,Gift Ideas for New Parents,,"A Siamese cat with cream and dark brown points sits poised beside a Gibson J-45, as if contemplating the melody of a quiet American evening. A 1950s-style character illustration printed on premium enhanced matte paper, shipped ready to frame — nursery wall art that works just as well in a study or living room.",https://www.etsy.com/listing/4545482233?utm_source=pinterest&utm_medium=pin&utm_campaign=A_study,2026-08-22T01:00:00,"cat art, cat art print, vintage cat art, animal art, nursery wall art"
Animal Art Print | Vintage Chipmunk Illustration,https://raw.githubusercontent.com/nueshopofficial-blip/nue-images/main/images/nursery_20260729_050007_06fad0/mock_nursery.png,Nursery Wall Art,,"A chipmunk with brown and cream stripes rests beneath a vintage striped beach parasol, embodying a quiet elegance of 1950s leisure. A 1950s-style character illustration printed on premium enhanced matte paper, shipped ready to frame — nursery wall art that works just as well in a study or living room.",https://www.etsy.com/listing/4546032179?utm_source=pinterest&utm_medium=pin&utm_campaign=A_nursery,2026-08-12T10:00:00,"animal art, animal wall art, vintage animal art, nursery wall art, kids room decor"
Vintage Chipmunk Illustration | Nursery Wall Art,https://raw.githubusercontent.com/nueshopofficial-blip/nue-images/main/images/nursery_20260729_050007_06fad0/mock_gallery.png,Kids Room Decor,,"A chipmunk with brown and cream stripes rests beneath a vintage striped beach parasol, embodying a quiet elegance of 1950s leisure. A 1950s-style character illustration printed on premium enhanced matte paper, shipped ready to frame — nursery wall art that works just as well in a study or living room.",https://www.etsy.com/listing/4546032179?utm_source=pinterest&utm_medium=pin&utm_campaign=A_gallery,2026-08-15T13:00:00,"animal art, animal wall art, vintage animal art, nursery wall art, kids room decor"
Vintage Chipmunk Art Print for a Quiet Corner,https://raw.githubusercontent.com/nueshopofficial-blip/nue-images/main/images/nursery_20260729_050007_06fad0/mock_living.png,Little Heirlooms,,"Some things are worth keeping. A favourite song, a familiar chair, a friend who never changes. A chipmunk with brown and cream stripes rests beneath a vintage striped beach parasol, embodying a quiet elegance of 1950s leisure. Part of the NUE Little Heirlooms collection — vintage animal art, nostalgic but never faded.",https://www.etsy.com/listing/4546032179?utm_source=pinterest&utm_medium=pin&utm_campaign=C_living,2026-08-18T22:00:00,"animal art, animal wall art, vintage animal art, nursery wall art, kids room decor"
Vintage Chipmunk Art Print — Gift for Animal Lovers,https://raw.githubusercontent.com/nueshopofficial-blip/nue-images/main/images/nursery_20260729_050007_06fad0/mock_study.png,Gift Ideas for New Parents,,"A chipmunk with brown and cream stripes rests beneath a vintage striped beach parasol, embodying a quiet elegance of 1950s leisure. A 1950s-style character illustration printed on premium enhanced matte paper, shipped ready to frame — nursery wall art that works just as well in a study or living room.",https://www.etsy.com/listing/4546032179?utm_source=pinterest&utm_medium=pin&utm_campaign=A_study,2026-08-22T04:00:00,"animal art, animal wall art, vintage animal art, nursery wall art, kids room decor"
Animal Art Print | Vintage Hedgehog Illustration,https://raw.githubusercontent.com/nueshopofficial-blip/nue-images/main/images/nursery_20260731_050001_ade28c/mock_nursery.png,Nursery Wall Art,,"A brown and cream hedgehog perches gracefully on the hood of a 1959 pink Cadillac Eldorado, embodying understated vintage elegance against a serene backdrop. A 1950s-style character illustration printed on premium enhanced matte paper, shipped ready to frame — nursery wall art that works just as well in a study or living room.",https://www.etsy.com/listing/4547737573?utm_source=pinterest&utm_medium=pin&utm_campaign=A_nursery,2026-08-12T13:00:00,"animal art, animal wall art, vintage animal art, nursery wall art, kids room decor"
Vintage Hedgehog Illustration | Nursery Wall Art,https://raw.githubusercontent.com/nueshopofficial-blip/nue-images/main/images/nursery_20260731_050001_ade28c/mock_gallery.png,Kids Room Decor,,"A brown and cream hedgehog perches gracefully on the hood of a 1959 pink Cadillac Eldorado, embodying understated vintage elegance against a serene backdrop. A 1950s-style character illustration printed on premium enhanced matte paper, shipped ready to frame — nursery wall art that works just as well in a study or living room.",https://www.etsy.com/listing/4547737573?utm_source=pinterest&utm_medium=pin&utm_campaign=A_gallery,2026-08-15T22:00:00,"animal art, animal wall art, vintage animal art, nursery wall art, kids room decor"
Vintage Hedgehog Art Print for a Quiet Corner,https://raw.githubusercontent.com/nueshopofficial-blip/nue-images/main/images/nursery_20260731_050001_ade28c/mock_living.png,Little Heirlooms,,"Some things are worth keeping. A favourite song, a familiar chair, a friend who never changes. A brown and cream hedgehog perches gracefully on the hood of a 1959 pink Cadillac Eldorado, embodying understated vintage elegance against a serene backdrop. Part of the NUE Little Heirlooms collection — vintage animal art, nostalgic but never faded.",https://www.etsy.com/listing/4547737573?utm_source=pinterest&utm_medium=pin&utm_campaign=C_living,2026-08-19T01:00:00,"animal art, animal wall art, vintage animal art, nursery wall art, kids room decor"
Vintage Hedgehog Art Print — Gift for Animal Lovers,https://raw.githubusercontent.com/nueshopofficial-blip/nue-images/main/images/nursery_20260731_050001_ade28c/mock_study.png,Gift Ideas for New Parents,,"A brown and cream hedgehog perches gracefully on the hood of a 1959 pink Cadillac Eldorado, embodying understated vintage elegance against a serene backdrop. A 1950s-style character illustration printed on premium enhanced matte paper, shipped ready to frame — nursery wall art that works just as well in a study or living room.",https://www.etsy.com/listing/4547737573?utm_source=pinterest&utm_medium=pin&utm_campaign=A_study,2026-08-22T07:00:00,"animal art, animal wall art, vintage animal art, nursery wall art, kids room decor"
Animal Art Print | Vintage Duck Illustration,https://raw.githubusercontent.com/nueshopofficial-blip/nue-images/main/images/nursery_20260805_050001_e07bf3/mock_nursery.png,Nursery Wall Art,,"A refined white duck in vintage roller skates glides gracefully across a mid-century parlor, its orange bill catching soft amber light. A 1950s-style character illustration printed on premium enhanced matte paper, shipped ready to frame — nursery wall art that works just as well in a study or living room.",https://www.etsy.com/listing/4550023893?utm_source=pinterest&utm_medium=pin&utm_campaign=A_nursery,2026-08-12T22:00:00,"animal art, animal wall art, vintage animal art, nursery wall art, kids room decor"
Vintage Duck Illustration | Nursery Wall Art,https://raw.githubusercontent.com/nueshopofficial-blip/nue-images/main/images/nursery_20260805_050001_e07bf3/mock_gallery.png,Kids Room Decor,,"A refined white duck in vintage roller skates glides gracefully across a mid-century parlor, its orange bill catching soft amber light. A 1950s-style character illustration printed on premium enhanced matte paper, shipped ready to frame — nursery wall art that works just as well in a study or living room.",https://www.etsy.com/listing/4550023893?utm_source=pinterest&utm_medium=pin&utm_campaign=A_gallery,2026-08-16T01:00:00,"animal art, animal wall art, vintage animal art, nursery wall art, kids room decor"
Vintage Duck Art Print for a Quiet Corner,https://raw.githubusercontent.com/nueshopofficial-blip/nue-images/main/images/nursery_20260805_050001_e07bf3/mock_living.png,Little Heirlooms,,"Some things are worth keeping. A favourite song, a familiar chair, a friend who never changes. A refined white duck in vintage roller skates glides gracefully across a mid-century parlor, its orange bill catching soft amber light. Part of the NUE Little Heirlooms collection — vintage animal art, nostalgic but never faded.",https://www.etsy.com/listing/4550023893?utm_source=pinterest&utm_medium=pin&utm_campaign=C_living,2026-08-19T04:00:00,"animal art, animal wall art, vintage animal art, nursery wall art, kids room decor"
Vintage Duck Art Print — Gift for Animal Lovers,https://raw.githubusercontent.com/nueshopofficial-blip/nue-images/main/images/nursery_20260805_050001_e07bf3/mock_study.png,Gift Ideas for New Parents,,"A refined white duck in vintage roller skates glides gracefully across a mid-century parlor, its orange bill catching soft amber light. A 1950s-style character illustration printed on premium enhanced matte paper, shipped ready to frame — nursery wall art that works just as well in a study or living room.",https://www.etsy.com/listing/4550023893?utm_source=pinterest&utm_medium=pin&utm_campaign=A_study,2026-08-22T10:00:00,"animal art, animal wall art, vintage animal art, nursery wall art, kids room decor"
Animal Art Print | Vintage Mallard Duck Illustration,https://raw.githubusercontent.com/nueshopofficial-blip/nue-images/main/images/nursery_20260806_050001_90ba12/mock_nursery.png,Nursery Wall Art,,"A mallard duck, adorned in emerald and bronze plumage, holds a vintage Sony TC-100 cassette recorder against a muted, mid-century backdrop. A 1950s-style character illustration printed on premium enhanced matte paper, shipped ready to frame — nursery wall art that works just as well in a study or living room.",https://www.etsy.com/listing/4550808880?utm_source=pinterest&utm_medium=pin&utm_campaign=A_nursery,2026-08-13T01:00:00,"animal art, animal wall art, vintage animal art, nursery wall art, kids room decor"
Vintage Mallard Duck Illustration | Nursery Wall Art,https://raw.githubusercontent.com/nueshopofficial-blip/nue-images/main/images/nursery_20260806_050001_90ba12/mock_gallery.png,Kids Room Decor,,"A mallard duck, adorned in emerald and bronze plumage, holds a vintage Sony TC-100 cassette recorder against a muted, mid-century backdrop. A 1950s-style character illustration printed on premium enhanced matte paper, shipped ready to frame — nursery wall art that works just as well in a study or living room.",https://www.etsy.com/listing/4550808880?utm_source=pinterest&utm_medium=pin&utm_campaign=A_gallery,2026-08-16T04:00:00,"animal art, animal wall art, vintage animal art, nursery wall art, kids room decor"
Vintage Mallard Duck Art Print for a Quiet Corner,https://raw.githubusercontent.com/nueshopofficial-blip/nue-images/main/images/nursery_20260806_050001_90ba12/mock_living.png,Little Heirlooms,,"Some things are worth keeping. A favourite song, a familiar chair, a friend who never changes. A mallard duck, adorned in emerald and bronze plumage, holds a vintage Sony TC-100 cassette recorder against a muted, mid-century backdrop. Part of the NUE Little Heirlooms collection — vintage animal art, nostalgic but never faded.",https://www.etsy.com/listing/4550808880?utm_source=pinterest&utm_medium=pin&utm_campaign=C_living,2026-08-19T07:00:00,"animal art, animal wall art, vintage animal art, nursery wall art, kids room decor"
Vintage Mallard Duck Art Print — Gift for Animal Lovers,https://raw.githubusercontent.com/nueshopofficial-blip/nue-images/main/images/nursery_20260806_050001_90ba12/mock_study.png,Gift Ideas for New Parents,,"A mallard duck, adorned in emerald and bronze plumage, holds a vintage Sony TC-100 cassette recorder against a muted, mid-century backdrop. A 1950s-style character illustration printed on premium enhanced matte paper, shipped ready to frame — nursery wall art that works just as well in a study or living room.",https://www.etsy.com/listing/4550808880?utm_source=pinterest&utm_medium=pin&utm_campaign=A_study,2026-08-22T13:00:00,"animal art, animal wall art, vintage animal art, nursery wall art, kids room decor"
Animal Art Print | Vintage Rabbit Illustration,https://raw.githubusercontent.com/nueshopofficial-blip/nue-images/main/images/nursery_20260807_050003_b83360/mock_nursery.png,Nursery Wall Art,,"A caramel-brown miniature rabbit clutches a wrapped present before a softly glowing Christmas tree, captured in the understated elegance of mid-century American style. A 1950s-style character illustration printed on premium enhanced matte paper, shipped ready to frame — nursery wall art that works just as well in a study or living room.",https://www.etsy.com/listing/4551366766?utm_source=pinterest&utm_medium=pin&utm_campaign=A_nursery,2026-08-13T04:00:00,"animal art, animal wall art, vintage animal art, nursery wall art, kids room decor"
Vintage Rabbit Illustration | Nursery Wall Art,https://raw.githubusercontent.com/nueshopofficial-blip/nue-images/main/images/nursery_20260807_050003_b83360/mock_gallery.png,Kids Room Decor,,"A caramel-brown miniature rabbit clutches a wrapped present before a softly glowing Christmas tree, captured in the understated elegance of mid-century American style. A 1950s-style character illustration printed on premium enhanced matte paper, shipped ready to frame — nursery wall art that works just as well in a study or living room.",https://www.etsy.com/listing/4551366766?utm_source=pinterest&utm_medium=pin&utm_campaign=A_gallery,2026-08-16T07:00:00,"animal art, animal wall art, vintage animal art, nursery wall art, kids room decor"
Vintage Rabbit Art Print for a Quiet Corner,https://raw.githubusercontent.com/nueshopofficial-blip/nue-images/main/images/nursery_20260807_050003_b83360/mock_living.png,Little Heirlooms,,"Some things are worth keeping. A favourite song, a familiar chair, a friend who never changes. A caramel-brown miniature rabbit clutches a wrapped present before a softly glowing Christmas tree, captured in the understated elegance of mid-century American style. Part of the NUE Little Heirlooms collection — vintage animal art, nostalgic but never faded.",https://www.etsy.com/listing/4551366766?utm_source=pinterest&utm_medium=pin&utm_campaign=C_living,2026-08-19T10:00:00,"animal art, animal wall art, vintage animal art, nursery wall art, kids room decor"
Vintage Rabbit Art Print — Gift for Animal Lovers,https://raw.githubusercontent.com/nueshopofficial-blip/nue-images/main/images/nursery_20260807_050003_b83360/mock_study.png,Gift Ideas for New Parents,,"A caramel-brown miniature rabbit clutches a wrapped present before a softly glowing Christmas tree, captured in the understated elegance of mid-century American style. A 1950s-style character illustration printed on premium enhanced matte paper, shipped ready to frame — nursery wall art that works just as well in a study or living room.",https://www.etsy.com/listing/4551366766?utm_source=pinterest&utm_medium=pin&utm_campaign=A_study,2026-08-22T22:00:00,"animal art, animal wall art, vintage animal art, nursery wall art, kids room decor"
Animal Art Print | Vintage Penguin Illustration,https://raw.githubusercontent.com/nueshopofficial-blip/nue-images/main/images/nursery_20260808_050024_252831/mock_nursery.png,Nursery Wall Art,,"A distinguished penguin poises with a Leica M3, its monochrome form mirroring the camera's elegant simplicity—a study in timeless sophistication and refined restraint. A 1950s-style character illustration printed on premium enhanced matte paper, shipped ready to frame — nursery wall art that works just as well in a study or living room.",https://www.etsy.com/listing/4552153669?utm_source=pinterest&utm_medium=pin&utm_campaign=A_nursery,2026-08-13T07:00:00,"animal art, animal wall art, vintage animal art, nursery wall art, kids room decor"
Vintage Penguin Illustration | Nursery Wall Art,https://raw.githubusercontent.com/nueshopofficial-blip/nue-images/main/images/nursery_20260808_050024_252831/mock_gallery.png,Kids Room Decor,,"A distinguished penguin poises with a Leica M3, its monochrome form mirroring the camera's elegant simplicity—a study in timeless sophistication and refined restraint. A 1950s-style character illustration printed on premium enhanced matte paper, shipped ready to frame — nursery wall art that works just as well in a study or living room.",https://www.etsy.com/listing/4552153669?utm_source=pinterest&utm_medium=pin&utm_campaign=A_gallery,2026-08-16T10:00:00,"animal art, animal wall art, vintage animal art, nursery wall art, kids room decor"
Vintage Penguin Art Print for a Quiet Corner,https://raw.githubusercontent.com/nueshopofficial-blip/nue-images/main/images/nursery_20260808_050024_252831/mock_living.png,Little Heirlooms,,"Some things are worth keeping. A favourite song, a familiar chair, a friend who never changes. A distinguished penguin poises with a Leica M3, its monochrome form mirroring the camera's elegant simplicity—a study in timeless sophistication and refined restraint. Part of the NUE Little Heirlooms collection — vintage animal art, nostalgic but never faded.",https://www.etsy.com/listing/4552153669?utm_source=pinterest&utm_medium=pin&utm_campaign=C_living,2026-08-19T13:00:00,"animal art, animal wall art, vintage animal art, nursery wall art, kids room decor"
Vintage Penguin Art Print — Gift for Animal Lovers,https://raw.githubusercontent.com/nueshopofficial-blip/nue-images/main/images/nursery_20260808_050024_252831/mock_study.png,Gift Ideas for New Parents,,"A distinguished penguin poises with a Leica M3, its monochrome form mirroring the camera's elegant simplicity—a study in timeless sophistication and refined restraint. A 1950s-style character illustration printed on premium enhanced matte paper, shipped ready to frame — nursery wall art that works just as well in a study or living room.",https://www.etsy.com/listing/4552153669?utm_source=pinterest&utm_medium=pin&utm_campaign=A_study,2026-08-23T01:00:00,"animal art, animal wall art, vintage animal art, nursery wall art, kids room decor"
Animal Art Print | Vintage Teddy Bear Illustration,https://raw.githubusercontent.com/nueshopofficial-blip/nue-images/main/images/nursery_20260809_050011_6a2fc2/mock_nursery.png,Nursery Wall Art,,"A light brown teddy bear pours tea from a Royal Albert floral service in a serene 1950s setting, embodying quiet elegance and timeless charm. A 1950s-style character illustration printed on premium enhanced matte paper, shipped ready to frame — nursery wall art that works just as well in a study or living room.",https://www.etsy.com/listing/4552572020?utm_source=pinterest&utm_medium=pin&utm_campaign=A_nursery,2026-08-13T10:00:00,"animal art, animal wall art, vintage animal art, nursery wall art, kids room decor"
Vintage Teddy Bear Illustration | Nursery Wall Art,https://raw.githubusercontent.com/nueshopofficial-blip/nue-images/main/images/nursery_20260809_050011_6a2fc2/mock_gallery.png,Kids Room Decor,,"A light brown teddy bear pours tea from a Royal Albert floral service in a serene 1950s setting, embodying quiet elegance and timeless charm. A 1950s-style character illustration printed on premium enhanced matte paper, shipped ready to frame — nursery wall art that works just as well in a study or living room.",https://www.etsy.com/listing/4552572020?utm_source=pinterest&utm_medium=pin&utm_campaign=A_gallery,2026-08-16T13:00:00,"animal art, animal wall art, vintage animal art, nursery wall art, kids room decor"
Vintage Teddy Bear Art Print for a Quiet Corner,https://raw.githubusercontent.com/nueshopofficial-blip/nue-images/main/images/nursery_20260809_050011_6a2fc2/mock_living.png,Little Heirlooms,,"Some things are worth keeping. A favourite song, a familiar chair, a friend who never changes. A light brown teddy bear pours tea from a Royal Albert floral service in a serene 1950s setting, embodying quiet elegance and timeless charm. Part of the NUE Little Heirlooms collection — vintage animal art, nostalgic but never faded.",https://www.etsy.com/listing/4552572020?utm_source=pinterest&utm_medium=pin&utm_campaign=C_living,2026-08-19T22:00:00,"animal art, animal wall art, vintage animal art, nursery wall art, kids room decor"
Vintage Teddy Bear Art Print — Gift for Animal Lovers,https://raw.githubusercontent.com/nueshopofficial-blip/nue-images/main/images/nursery_20260809_050011_6a2fc2/mock_study.png,Gift Ideas for New Parents,,"A light brown teddy bear pours tea from a Royal Albert floral service in a serene 1950s setting, embodying quiet elegance and timeless charm. A 1950s-style character illustration printed on premium enhanced matte paper, shipped ready to frame — nursery wall art that works just as well in a study or living room.",https://www.etsy.com/listing/4552572020?utm_source=pinterest&utm_medium=pin&utm_campaign=A_study,2026-08-23T04:00:00,"animal art, animal wall art, vintage animal art, nursery wall art, kids room decor"
Vintage Goat Illustration | Nursery Wall Art,https://raw.githubusercontent.com/nueshopofficial-blip/nue-images/main/images/nursery_20260810_050009_198fa3/mock_gallery.png,Kids Room Decor,,"A small white and gray goat with delicate horns operates an aqua-green Olivetti Lettera 32 typewriter with quiet composure. A 1950s-style character illustration printed on premium enhanced matte paper, shipped ready to frame — nursery wall art that works just as well in a study or living room.",https://www.etsy.com/listing/4552926107?utm_source=pinterest&utm_medium=pin&utm_campaign=A_gallery,2026-08-16T22:00:00,"animal art, animal wall art, vintage animal art, nursery wall art, kids room decor"
Vintage Goat Art Print for a Quiet Corner,https://raw.githubusercontent.com/nueshopofficial-blip/nue-images/main/images/nursery_20260810_050009_198fa3/mock_living.png,Little Heirlooms,,"Some things are worth keeping. A favourite song, a familiar chair, a friend who never changes. A small white and gray goat with delicate horns operates an aqua-green Olivetti Lettera 32 typewriter with quiet composure. Part of the NUE Little Heirlooms collection — vintage animal art, nostalgic but never faded.",https://www.etsy.com/listing/4552926107?utm_source=pinterest&utm_medium=pin&utm_campaign=C_living,2026-08-20T01:00:00,"animal art, animal wall art, vintage animal art, nursery wall art, kids room decor"
Vintage Goat Art Print — Gift for Animal Lovers,https://raw.githubusercontent.com/nueshopofficial-blip/nue-images/main/images/nursery_20260810_050009_198fa3/mock_study.png,Gift Ideas for New Parents,,"A small white and gray goat with delicate horns operates an aqua-green Olivetti Lettera 32 typewriter with quiet composure. A 1950s-style character illustration printed on premium enhanced matte paper, shipped ready to frame — nursery wall art that works just as well in a study or living room.",https://www.etsy.com/listing/4552926107?utm_source=pinterest&utm_medium=pin&utm_campaign=A_study,2026-08-23T07:00:00,"animal art, animal wall art, vintage animal art, nursery wall art, kids room decor"
